﻿<?xml version="1.0" encoding="utf-8"?>
<!--
/***************************************************************************************************
 Copyright (C) 2024 The Qt Company Ltd.
 SPDX-License-Identifier: LicenseRef-Qt-Commercial OR GPL-3.0-only WITH Qt-GPL-exception-1.0
***************************************************************************************************/
-->
<ProjectSchemaDefinitions
  xmlns="http://schemas.microsoft.com/build/2009/properties"
  xmlns:x="http://schemas.microsoft.com/winfx/2006/xaml"
  xmlns:sys="clr-namespace:System;assembly=mscorlib">
  <Rule
    Name="QtRule50_Uic"
    PageTemplate="tool"
    DisplayName="Qt User Interface Compiler"
    Order="9">
    <Rule.DataSource>
      <DataSource
        Persistence="ProjectFile"
        ItemType="QtUic" />
    </Rule.DataSource>
    <Rule.Categories>
      <Category Name="General" DisplayName="uic"/>
    </Rule.Categories>
    <StringListProperty
      Name="Inputs"
      Category="General"
      IsRequired="true"
      Visible="False">
      <StringListProperty.DataSource>
        <DataSource
           Persistence="ProjectFile"
           ItemType="QtUic"
           SourceType="Item" />
      </StringListProperty.DataSource>
    </StringListProperty>
    <StringProperty
      Name="ExecutionDescription"
      DisplayName="Execution Description"
      IncludeInCommandLine="False" />
    <StringProperty
      Name="QtUicDir"
      DisplayName="Output Directory"
      Description="Specifies the path of the generated uic output directory."/>
    <StringProperty
      Name="QtUicFileName"
      DisplayName="Output File Name"
      Description="Specifies the name of the generated uic output file."/>
    <StringProperty
      Name="QTDIR"
      DisplayName="Qt Directory"
      Visible="false"/>
    <StringProperty
      Name="InputFile"
      DisplayName="Input File"
      Visible="false"/>
    <StringProperty
      Name="OutputFile"
      DisplayName="Output File"
      Visible="false"/>
    <BoolProperty
      Name="DisplayDependencies"
      HelpUrl="https://doc.qt.io/qt-6/uic.html"
      DisplayName="Display Dependencies"
      Description="Display the dependencies. (--dependencies)"
      Switch="--dependencies"/>
    <BoolProperty
      Name="NoAutoconnection"
      HelpUrl="https://doc.qt.io/qt-6/uic.html"
      DisplayName="No Autoconnection"
      Description="Do not generate a call to QObject::connectSlotsByName(). (--no-autoconnection)"
      Switch="--no-autoconnection"/>
    <BoolProperty
      Name="NoProtection"
      HelpUrl="https://doc.qt.io/qt-6/uic.html"
      DisplayName="No Protection"
      Description="Disable header protection. (--no-protection)"
      Switch="--no-protection"/>
    <BoolProperty
      Name="NoImplicitIncludes"
      HelpUrl="https://doc.qt.io/qt-6/uic.html"
      DisplayName="No Implicit Includes"
      Description="Disable generation of #include-directives. (--no-implicit-includes)"
      Switch="--no-implicit-includes"/>
    <StringProperty
      Name="Postfix"
      HelpUrl="https://doc.qt.io/qt-6/uic.html"
      DisplayName="Postfix"
      Description="&lt;postfix&gt; to add to all generated classnames. (--postfix &lt;postfix&gt;)"
      Switch="--postfix [value]"/>
    <BoolProperty
      Name="NoQtNamespace"
      HelpUrl="https://doc.qt.io/qt-6/uic.html"
      DisplayName="No Qt Namespace"
      Description=
"Disable wrapping the definition of the generated class in QT_{BEGIN,END}_NAMESPACE.
(--no-qt-namespace)"
      Switch="--no-qt-namespace"/>
    <StringProperty
      Name="Translate"
      HelpUrl="https://doc.qt.io/qt-6/uic.html"
      DisplayName="Translate"
      Description="Use &lt;function&gt; for i18n. (--tr &lt;function&gt;)"
      Switch="--tr [value]" />
    <StringProperty
      Name="Include"
      HelpUrl="https://doc.qt.io/qt-6/uic.html"
      DisplayName="Include"
      Description="Add #include &lt;file&gt; to the output. (--include &lt;file&gt;)"
      Switch="--include &quot;[value]&quot;" />
    <EnumProperty
      Name="Generator"
      HelpUrl="https://doc.qt.io/qt-6/uic.html"
      DisplayName="Generator"
      Description="Select generator. (-g &lt;python|cpp&gt;)"
      Switch="-g [value]">
      <EnumValue
        Name="python"
        DisplayName="Python"/>
      <EnumValue
        Name="cpp"
        DisplayName="CPP"/>
    </EnumProperty>
    <EnumProperty
      Name="Connections"
      HelpUrl="https://doc.qt.io/qt-6/uic.html"
      DisplayName="Connections"
      Description="Connection syntax. (-c &lt;pmf|string&gt;)"
      Switch="-c [value]">
      <EnumValue
        Name="pmf"
        DisplayName="PMF"/>
      <EnumValue
        Name="string"
        DisplayName="String"/>
    </EnumProperty>
    <BoolProperty
      Name="IdBased"
      HelpUrl="https://doc.qt.io/qt-6/uic.html"
      DisplayName="ID Based"
      Description="Use id based function for i18n. (--idbased)"
      Switch="--idbased"/>
    <BoolProperty
      Name="FromImports"
      HelpUrl="https://doc.qt.io/qt-6/uic.html"
      DisplayName="From Imports"
      Description="Python: generate imports relative to '.'. (--from-imports)"
      Switch="--from-imports"/>
    <BoolProperty
      Name="AbsoluteImports"
      HelpUrl="https://doc.qt.io/qt-6/uic.html"
      DisplayName="Absolute Imports"
      Description="Python: generate absolute imports. (--absolute-imports)"
      Switch="--absolute-imports"/>
    <BoolProperty
      Name="RcPrefix"
      HelpUrl="https://doc.qt.io/qt-6/uic.html"
      DisplayName="RC Prefix"
      Description=
"Python: Generate &quot;rc_file&quot; instead of &quot;file_rc&quot; import. (--rc-prefix)"
      Switch="--rc-prefix"/>
    <BoolProperty
      Name="StarImports"
      HelpUrl="https://doc.qt.io/qt-6/uic.html"
      DisplayName="Star Imports"
      Description="Python: Use * imports. (--star-imports)"
      Switch="--star-imports"/>
    <StringListProperty
      Name="PythonPaths"
      HelpUrl="https://doc.qt.io/qt-6/uic.html"
      DisplayName="Python Paths"
      Description=
"Python paths for --absolute-imports; separate with semicolons if more than one.
(--python-paths &lt;pathlist&gt;)"
      Switch="--python-paths &quot;[value]&quot;"/>
    <StringProperty
      Name="CommandLineTemplate"
      DisplayName="Command Line"
      Visible="False"
      IncludeInCommandLine="False" />
    <DynamicEnumProperty
      Name="QtUicBeforeTargets"
      Category="General"
      EnumProvider="Targets"
      IncludeInCommandLine="False" Visible="False">
      <DynamicEnumProperty.DisplayName>
        <sys:String>Execute Before</sys:String>
      </DynamicEnumProperty.DisplayName>
      <DynamicEnumProperty.Description>
        <sys:String>Specifies the targets for the build customization to run before.</sys:String>
      </DynamicEnumProperty.Description>
      <DynamicEnumProperty.ProviderSettings>
        <NameValuePair
          Name="Exclude"
          Value="^QtUicBeforeTargets|^Compute" />
      </DynamicEnumProperty.ProviderSettings>
      <DynamicEnumProperty.DataSource>
        <DataSource
          Persistence="ProjectFile"
          ItemType=""
          HasConfigurationCondition="true" />
      </DynamicEnumProperty.DataSource>
    </DynamicEnumProperty>
    <DynamicEnumProperty
      Name="QtUicAfterTargets"
      Category="General"
      EnumProvider="Targets"
      IncludeInCommandLine="False" Visible="False">
      <DynamicEnumProperty.DisplayName>
        <sys:String>Execute After</sys:String>
      </DynamicEnumProperty.DisplayName>
      <DynamicEnumProperty.Description>
        <sys:String>Specifies the targets for the build customization to run after.</sys:String>
      </DynamicEnumProperty.Description>
      <DynamicEnumProperty.ProviderSettings>
        <NameValuePair
          Name="Exclude"
          Value="^QtUicAfterTargets|^Compute" />
      </DynamicEnumProperty.ProviderSettings>
      <DynamicEnumProperty.DataSource>
        <DataSource
          Persistence="ProjectFile"
          ItemType=""
          HasConfigurationCondition="true" />
      </DynamicEnumProperty.DataSource>
    </DynamicEnumProperty>
    <StringListProperty
      Name="Outputs"
      DisplayName="Outputs"
      IncludeInCommandLine="False"
      Visible="False" />
    <StringListProperty
      Name="AdditionalDependencies"
      DisplayName="Additional Dependencies"
      IncludeInCommandLine="False"/>
    <StringProperty
      Subtype="AdditionalOptions"
      Name="AdditionalOptions"
      Category="General">
      <StringProperty.DisplayName>
        <sys:String>Additional Options</sys:String>
      </StringProperty.DisplayName>
      <StringProperty.Description>
        <sys:String>Additional Options</sys:String>
      </StringProperty.Description>
    </StringProperty>
    <BoolProperty
      Name="ParallelProcess"
      DisplayName="Parallel Process"
      Description="Run tool in parallel process."/>
  </Rule>
  <ItemType
    Name="QtUic"
    DisplayName="Qt User Interface Compiler (uic)" />
  <FileExtension
    Name="*.ui"
    ContentType="QtUic" />
  <ContentType
    Name="QtUic"
    DisplayName="Qt User Interface Compiler (uic)"
    ItemType="QtUic" />
</ProjectSchemaDefinitions>
